{
 "k": 5,
 "modes": {
  "dense": {
   "hit_rate": 0.8,
   "mrr": 0.65,
   "n": 5
  },
  "hybrid": {
   "hit_rate": 1.0,
   "mrr": 0.6666666666666666,
   "n": 5
  },
  "hybrid_rerank": {
   "hit_rate": 0.4,
   "mrr": 0.4,
   "n": 5
  }
 },
 "generated_at": "2026-07-11T15:55:02.125488+00:00"
}