{
 "k": 5,
 "modes": {
  "dense": {
   "hit_rate": 0.46153846153846156,
   "mrr": 0.2995726495726495,
   "n": 39
  },
  "hybrid": {
   "hit_rate": 0.4358974358974359,
   "mrr": 0.24401709401709404,
   "n": 39
  },
  "hybrid_rerank": {
   "hit_rate": 0.41025641025641024,
   "mrr": 0.27307692307692305,
   "n": 39
  }
 },
 "generated_at": "2026-07-18T14:38:28.359423+00:00"
}